depth,strategy,world_size,format,key_bytes,parent_bytes,move_bytes,remote_candidates,remote_only_accepted,accept_bitmap_bytes,remote_only_accept_fraction,eager_bytes,two_phase_bytes,two_phase_reduction_fraction,hybrid_bytes,hybrid_reduction_fraction,hybrid_two_phase_rounds,hybrid_eager_rounds
2,direct,2,packed_rank16,2,2,1,2,2,2,1.0,10,12,-0.19999999999999996,10,0.0,0,2
2,direct,2,packed_rank32,4,4,1,2,2,2,1.0,18,20,-0.11111111111111116,18,0.0,0,2
2,direct,2,aligned_rank64,8,8,8,2,2,2,1.0,48,50,-0.04166666666666674,48,0.0,0,2
2,direct,2,state128_parent128,16,16,4,2,2,2,1.0,72,74,-0.02777777777777768,72,0.0,0,2
2,direct,4,packed_rank16,2,2,1,6,6,4,1.0,30,34,-0.1333333333333333,30,0.0,0,2
2,direct,4,packed_rank32,4,4,1,6,6,4,1.0,54,58,-0.07407407407407418,54,0.0,0,2
2,direct,4,aligned_rank64,8,8,8,6,6,4,1.0,144,148,-0.02777777777777768,144,0.0,0,2
2,direct,4,state128_parent128,16,16,4,6,6,4,1.0,216,220,-0.0185185185185186,216,0.0,0,2
2,direct,8,packed_rank16,2,2,1,6,6,6,1.0,30,36,-0.19999999999999996,30,0.0,0,2
2,direct,8,packed_rank32,4,4,1,6,6,6,1.0,54,60,-0.11111111111111116,54,0.0,0,2
2,direct,8,aligned_rank64,8,8,8,6,6,6,1.0,144,150,-0.04166666666666674,144,0.0,0,2
2,direct,8,state128_parent128,16,16,4,6,6,6,1.0,216,222,-0.02777777777777768,216,0.0,0,2
2,mixed,2,packed_rank16,2,2,1,8,8,2,1.0,40,42,-0.050000000000000044,40,0.0,0,2
2,mixed,2,packed_rank32,4,4,1,8,8,2,1.0,72,74,-0.02777777777777768,72,0.0,0,2
2,mixed,2,aligned_rank64,8,8,8,8,8,2,1.0,192,194,-0.01041666666666674,192,0.0,0,2
2,mixed,2,state128_parent128,16,16,4,8,8,2,1.0,288,290,-0.00694444444444442,288,0.0,0,2
2,mixed,4,packed_rank16,2,2,1,13,13,6,1.0,65,71,-0.0923076923076922,65,0.0,0,2
2,mixed,4,packed_rank32,4,4,1,13,13,6,1.0,117,123,-0.05128205128205132,117,0.0,0,2
2,mixed,4,aligned_rank64,8,8,8,13,13,6,1.0,312,318,-0.019230769230769162,312,0.0,0,2
2,mixed,4,state128_parent128,16,16,4,13,13,6,1.0,468,474,-0.012820512820512775,468,0.0,0,2
2,mixed,8,packed_rank16,2,2,1,13,13,9,1.0,65,74,-0.1384615384615384,65,0.0,0,2
2,mixed,8,packed_rank32,4,4,1,13,13,9,1.0,117,126,-0.07692307692307687,117,0.0,0,2
2,mixed,8,aligned_rank64,8,8,8,13,13,9,1.0,312,321,-0.028846153846153744,312,0.0,0,2
2,mixed,8,state128_parent128,16,16,4,13,13,9,1.0,468,477,-0.019230769230769162,468,0.0,0,2
8,direct,2,packed_rank16,2,2,1,276,16,42,0.057971014492753624,1380,642,0.5347826086956522,640,0.536231884057971,6,2
8,direct,2,packed_rank32,4,4,1,276,16,42,0.057971014492753624,2484,1226,0.5064412238325282,1224,0.5072463768115942,6,2
8,direct,2,aligned_rank64,8,8,8,276,16,42,0.057971014492753624,6624,2506,0.6216787439613527,2504,0.6219806763285024,6,2
8,direct,2,state128_parent128,16,16,4,276,16,42,0.057971014492753624,9936,4778,0.519122383252818,4776,0.5193236714975845,6,2
8,direct,4,packed_rank16,2,2,1,645,88,102,0.13643410852713178,3225,1656,0.4865116279069768,1652,0.4877519379844961,6,2
8,direct,4,packed_rank32,4,4,1,645,88,102,0.13643410852713178,5805,3122,0.4621877691645133,3118,0.46287683031869076,6,2
8,direct,4,aligned_rank64,8,8,8,645,88,102,0.13643410852713178,15480,6670,0.5691214470284238,6666,0.5693798449612404,6,2
8,direct,4,state128_parent128,16,16,4,645,88,102,0.13643410852713178,23220,12182,0.4753660637381567,12178,0.4755383290267011,6,2
8,direct,8,packed_rank16,2,2,1,695,94,169,0.13525179856115108,3475,1841,0.4702158273381295,1835,0.4719424460431655,6,2
8,direct,8,packed_rank32,4,4,1,695,94,169,0.13525179856115108,6255,3419,0.45339728217426056,3413,0.4543565147881695,6,2
8,direct,8,aligned_rank64,8,8,8,695,94,169,0.13525179856115108,16680,7233,0.5663669064748201,7227,0.5667266187050359,6,2
8,direct,8,state128_parent128,16,16,4,695,94,169,0.13525179856115108,25020,13169,0.47366107114308553,13163,0.47390087929656277,6,2
8,mixed,2,packed_rank16,2,2,1,484,175,67,0.3615702479338843,2420,1560,0.3553719008264463,1558,0.35619834710743803,6,2
8,mixed,2,packed_rank32,4,4,1,484,175,67,0.3615702479338843,4356,2878,0.33930211202938476,2876,0.33976124885215797,6,2
8,mixed,2,aligned_rank64,8,8,8,484,175,67,0.3615702479338843,11616,6739,0.4198519283746557,6737,0.4200241046831956,6,2
8,mixed,2,state128_parent128,16,16,4,484,175,67,0.3615702479338843,17424,11311,0.35083792470156105,11309,0.3509527089072544,6,2
8,mixed,4,packed_rank16,2,2,1,889,323,146,0.36332958380202474,4445,2893,0.349156355455568,2888,0.350281214848144,6,2
8,mixed,4,packed_rank32,4,4,1,889,323,146,0.36332958380202474,8001,5317,0.3354580677415323,5312,0.3360829896262967,6,2
8,mixed,4,aligned_rank64,8,8,8,889,323,146,0.36332958380202474,21336,12426,0.41760404949381325,12421,0.41783839520059995,6,2
8,mixed,4,state128_parent128,16,16,4,889,323,146,0.36332958380202474,32004,20830,0.34914385701787276,20825,0.3493000874890638,6,2
8,mixed,8,packed_rank16,2,2,1,1172,424,302,0.36177474402730375,5860,3918,0.33139931740614337,3909,0.3329351535836177,6,2
8,mixed,8,packed_rank32,4,4,1,1172,424,302,0.36177474402730375,10548,7110,0.325938566552901,7101,0.32679180887372017,6,2
8,mixed,8,aligned_rank64,8,8,8,1172,424,302,0.36177474402730375,28128,16462,0.4147468714448237,16453,0.41506683731513083,6,2
8,mixed,8,state128_parent128,16,16,4,1172,424,302,0.36177474402730375,42192,27534,0.34741183162684874,27525,0.34762514220705343,6,2
14,direct,2,packed_rank16,2,2,1,3104,36,401,0.011597938144329897,15520,6717,0.5672036082474227,6715,0.5673324742268041,12,2
14,direct,2,packed_rank32,4,4,1,3104,36,401,0.011597938144329897,27936,12997,0.5347580183276059,12995,0.5348296105383734,12,2
14,direct,2,aligned_rank64,8,8,8,3104,36,401,0.011597938144329897,74496,25809,0.653551868556701,25807,0.6535787156357389,12,2
14,direct,2,state128_parent128,16,16,4,3104,36,401,0.011597938144329897,111744,50785,0.5455236970217641,50783,0.5455415950744559,12,2
14,direct,4,packed_rank16,2,2,1,7184,398,937,0.05540089086859688,35920,16499,0.540673719376392,16495,0.5407850779510022,12,2
14,direct,4,packed_rank32,4,4,1,7184,398,937,0.05540089086859688,64656,31663,0.5102852016827518,31659,0.5103470675575352,12,2
14,direct,4,aligned_rank64,8,8,8,7184,398,937,0.05540089086859688,172416,64777,0.624298208982925,64773,0.6243214086859687,12,2
14,direct,4,state128_parent128,16,16,4,7184,398,937,0.05540089086859688,258624,123841,0.5211542625587726,123837,0.5211697290274684,12,2
14,direct,8,packed_rank16,2,2,1,8015,462,1175,0.05764192139737991,40075,18591,0.5360948222083592,18586,0.53621958827199,12,2
14,direct,8,packed_rank32,4,4,1,8015,462,1175,0.05764192139737991,72135,35545,0.5072433631385597,35540,0.5073126776183545,12,2
14,direct,8,aligned_rank64,8,8,8,8015,462,1175,0.05764192139737991,192360,72687,0.622130380536494,72682,0.6221563734664171,12,2
14,direct,8,state128_parent128,16,16,4,8015,462,1175,0.05764192139737991,288540,138655,0.5194600402023983,138650,0.519477368822347,12,2
14,mixed,2,packed_rank16,2,2,1,4768,888,606,0.18624161073825504,23840,12806,0.4628355704697986,12804,0.4629194630872483,12,2
14,mixed,2,packed_rank32,4,4,1,4768,888,606,0.18624161073825504,42912,24118,0.43796607009694255,24116,0.4380126771066368,12,2
14,mixed,2,aligned_rank64,8,8,8,4768,888,606,0.18624161073825504,114432,52958,0.5372098713646533,52956,0.5372273489932886,12,2
14,mixed,2,state128_parent128,16,16,4,4768,888,606,0.18624161073825504,171648,94654,0.4485575130499627,94652,0.4485691648023863,12,2
14,mixed,4,packed_rank16,2,2,1,9527,2139,1256,0.22451978587173296,47635,26727,0.43892096147790494,26722,0.4390259263146846,12,2
14,mixed,4,packed_rank32,4,4,1,9527,2139,1256,0.22451978587173296,85743,50059,0.41617391507178425,50054,0.4162322288699952,12,2
14,mixed,4,aligned_rank64,8,8,8,9527,2139,1256,0.22451978587173296,228648,111696,0.5114936496273748,111691,0.5115155173017039,12,2
14,mixed,4,state128_parent128,16,16,4,9527,2139,1256,0.22451978587173296,342972,196468,0.42716023465472397,196463,0.42717481310427674,12,2
14,mixed,8,packed_rank16,2,2,1,12888,3123,1915,0.24231843575418993,64440,37060,0.42489137181874614,37050,0.42504655493482313,12,2
14,mixed,8,packed_rank32,4,4,1,12888,3123,1915,0.24231843575418993,115992,69082,0.404424443065039,69072,0.40451065590730395,12,2
14,mixed,8,aligned_rank64,8,8,8,12888,3123,1915,0.24231843575418993,309312,154987,0.4989298830953859,154977,0.4989622129112352,12,2
14,mixed,8,state128_parent128,16,16,4,12888,3123,1915,0.24231843575418993,463968,270583,0.4168067625353473,270573,0.4168283157459135,12,2
20,direct,2,packed_rank16,2,2,1,13624,50,1722,0.0036699941280093954,68120,29120,0.5725190839694656,29118,0.5725484439224897,18,2
20,direct,2,packed_rank32,4,4,1,13624,50,1722,0.0036699941280093954,122616,56468,0.5394728257323678,56466,0.5394891368173811,18,2
20,direct,2,aligned_rank64,8,8,8,13624,50,1722,0.0036699941280093954,326976,111514,0.6589535623409669,111512,0.6589596789978469,18,2
20,direct,2,state128_parent128,16,16,4,13624,50,1722,0.0036699941280093954,490464,220706,0.5500057088797548,220704,0.5500097866510081,18,2
20,direct,4,packed_rank16,2,2,1,31644,887,4017,0.02803059031727974,158220,69966,0.5577929465301479,69962,0.5578182277840981,18,2
20,direct,4,packed_rank32,4,4,1,31644,887,4017,0.02803059031727974,284796,135028,0.5258781724462422,135024,0.5258922175873257,18,2
20,direct,4,aligned_rank64,8,8,8,31644,887,4017,0.02803059031727974,759456,271361,0.6426902941052544,271357,0.6426955610331606,18,2
20,direct,4,state128_parent128,16,16,4,31644,887,4017,0.02803059031727974,1139184,528061,0.5364567971460273,528057,0.5364603084312982,18,2
20,direct,8,packed_rank16,2,2,1,37087,1146,4940,0.030900315474425,185435,82552,0.5548197481597326,82546,0.5548521045110146,18,2
20,direct,8,packed_rank32,4,4,1,37087,1146,4940,0.030900315474425,333783,159018,0.5235886788722014,159012,0.5236066546229137,18,2
20,direct,8,aligned_rank64,8,8,8,37087,1146,4940,0.030900315474425,890088,319972,0.6405164433179641,319966,0.6405231842244812,18,2
20,direct,8,state128_parent128,16,16,4,37087,1146,4940,0.030900315474425,1335132,621252,0.5346887049370399,621246,0.534693198874718,18,2
20,mixed,2,packed_rank16,2,2,1,20431,2546,2570,0.12461455631148745,102155,51070,0.5000734178454309,51068,0.5000929959375459,18,2
20,mixed,2,packed_rank32,4,4,1,20431,2546,2570,0.12461455631148745,183879,97024,0.47234866406713105,97022,0.4723595407849728,18,2
20,mixed,2,aligned_rank64,8,8,8,20431,2546,2570,0.12461455631148745,490344,206754,0.5783490773824091,206752,0.5783531561515998,18,2
20,mixed,2,state128_parent128,16,16,4,20431,2546,2570,0.12461455631148745,735516,380386,0.4828311008869963,380384,0.4828338200664567,18,2
20,mixed,4,packed_rank16,2,2,1,41990,7183,5343,0.1710645391759943,209950,110872,0.4719123600857347,110867,0.47193617527982856,18,2
20,mixed,4,packed_rank32,4,4,1,41990,7183,5343,0.1710645391759943,377910,209218,0.4463814135640761,209213,0.44639464422746156,18,2
20,mixed,4,aligned_rank64,8,8,8,41990,7183,5343,0.1710645391759943,1007760,456191,0.5473217829641979,456186,0.5473267444629674,18,2
20,mixed,4,state128_parent128,16,16,4,41990,7183,5343,0.1710645391759943,1511640,820843,0.4569851287343547,820838,0.45698843640020115,18,2
20,mixed,8,packed_rank16,2,2,1,57786,11046,7666,0.1911535666078289,288930,156376,0.45877548195064544,156368,0.45880317031807016,18,2
20,mixed,8,packed_rank32,4,4,1,57786,11046,7666,0.1911535666078289,520074,294040,0.43461891961528554,294032,0.43463430204163256,18,2
20,mixed,8,aligned_rank64,8,8,8,57786,11046,7666,0.1911535666078289,1386864,646690,0.5337033768271437,646682,0.533709145237024,18,2
20,mixed,8,state128_parent128,16,16,4,57786,11046,7666,0.1911535666078289,2080296,1153162,0.4456740771505593,1153154,0.4456779227571461,18,2
28,direct,2,packed_rank16,2,2,1,48622,56,6102,0.001151742009789807,243110,103514,0.5742092057093497,103512,0.5742174324379911,26,2
28,direct,2,packed_rank32,4,4,1,48622,56,6102,0.001151742009789807,437598,200870,0.5409713938363521,200868,0.5409759642411529,26,2
28,direct,2,aligned_rank64,8,8,8,48622,56,6102,0.001151742009789807,1166928,395974,0.6606697242674784,395972,0.6606714381692786,26,2
28,direct,2,state128_parent128,16,16,4,48622,56,6102,0.001151742009789807,1750392,785174,0.5514296226216756,785172,0.5514307652228758,26,2
28,direct,4,packed_rank16,2,2,1,107026,1594,13462,0.014893577261599985,535130,232296,0.5659073496159812,232292,0.5659148244351839,26,2
28,direct,4,packed_rank32,4,4,1,107026,1594,13462,0.014893577261599985,963234,449536,0.5333055103951896,449532,0.5333096630725245,26,2
28,direct,4,aligned_rank64,8,8,8,107026,1594,13462,0.014893577261599985,2568624,895174,0.6514966768199628,895170,0.6514982340739633,26,2
28,direct,4,state128_parent128,16,16,4,107026,1594,13462,0.014893577261599985,3852936,1757758,0.5437873870731307,1757754,0.5437884252424645,26,2
28,direct,8,packed_rank16,2,2,1,123388,2142,15858,0.017359872921191687,616940,269060,0.5638797938211171,269054,0.5638895192401205,26,2
28,direct,8,packed_rank32,4,4,1,123388,2142,15858,0.017359872921191687,1110492,520120,0.5316310248070224,520114,0.53163642781758,26,2
28,direct,8,aligned_rank64,8,8,8,123388,2142,15858,0.017359872921191687,2961312,1037234,0.6497383592137539,1037228,0.649740385342713,26,2
28,direct,8,state128_parent128,16,16,4,123388,2142,15858,0.017359872921191687,4441968,2032906,0.5423411424845924,2032900,0.5423424932372318,26,2
28,mixed,2,packed_rank16,2,2,1,65265,5723,8182,0.08768865394928368,326325,155881,0.522313644372941,155879,0.5223197732322071,26,2
28,mixed,2,packed_rank32,4,4,1,65265,5723,8182,0.08768865394928368,587385,297857,0.49291010155179316,297855,0.49291350647360765,26,2
28,mixed,2,aligned_rank64,8,8,8,65265,5723,8182,0.08768865394928368,1566360,621870,0.6029839883551674,621868,0.6029852652008478,26,2
28,mixed,2,state128_parent128,16,16,4,65265,5723,8182,0.08768865394928368,2349540,1166882,0.5033572529090801,1166880,0.5033581041395336,26,2
28,mixed,4,packed_rank16,2,2,1,136353,18150,17181,0.13311038260984356,681765,344337,0.4949330047743724,344331,0.4949418054608259,26,2
28,mixed,4,packed_rank32,4,4,1,136353,18150,17181,0.13311038260984356,1227177,653343,0.4676049176280195,653337,0.46760980689827136,26,2
28,mixed,4,aligned_rank64,8,8,8,136353,18150,17181,0.13311038260984356,3272472,1398405,0.5726762520809956,1398399,0.5726780855573401,26,2
28,mixed,4,state128_parent128,16,16,4,136353,18150,17181,0.13311038260984356,4908708,2561829,0.4781052366529034,2561823,0.47810645897046633,26,2
28,mixed,8,packed_rank16,2,2,1,188615,29108,24228,0.154324947644673,943075,488782,0.48171460382260156,488772,0.48172520743313096,26,2
28,mixed,8,packed_rank32,4,4,1,188615,29108,24228,0.154324947644673,1697535,924228,0.4555470137581846,924218,0.4555529046529232,26,2
28,mixed,8,aligned_rank64,8,8,8,188615,29108,24228,0.154324947644673,4526760,1998876,0.5584311958221775,1998866,0.5584334049077044,26,2
28,mixed,8,state128_parent128,16,16,4,188615,29108,24228,0.154324947644673,6790140,3624228,0.46625135858759903,3624218,0.4662528313112837,26,2
