depth,target,strategy,world_size,rounds,generated,remote_generated,source_duplicates_removed,source_unique,remote_after_source_dedup,owner_duplicates_removed,intersections_discovered,first_intersection_round,rounds_after_first_intersection,remote_generated_fraction,remote_after_fraction,max_frontier_skew,peak_round_frontier,peak_round_skew,max_frontier_skew_ge_128
2,12034567,direct,1,2,14,0,0,14,0,0,1,2,0,0.0,0.0,1.0,1,1.0,
2,12034567,direct,2,2,14,2,0,14,2,0,1,2,0,0.14285714285714285,0.14285714285714285,2.0,1,2.0,
2,12034567,direct,4,2,14,6,0,14,6,0,1,2,0,0.42857142857142855,0.42857142857142855,4.0,1,4.0,
2,12034567,direct,8,2,14,6,0,14,6,0,1,2,0,0.42857142857142855,0.42857142857142855,8.0,1,8.0,
2,12034567,mixed,1,2,14,0,0,14,0,0,1,2,0,0.0,0.0,1.0,1,1.0,
2,12034567,mixed,2,2,14,8,0,14,8,0,1,2,0,0.5714285714285714,0.5714285714285714,2.0,1,2.0,
2,12034567,mixed,4,2,14,13,0,14,13,0,1,2,0,0.9285714285714286,0.9285714285714286,4.0,1,4.0,
2,12034567,mixed,8,2,14,13,0,14,13,0,1,2,0,0.9285714285714286,0.9285714285714286,8.0,1,8.0,
8,32410567,direct,1,8,1554,0,916,638,0,0,8,8,0,0.0,0.0,1.0,76,1.0,
8,32410567,direct,2,8,1554,276,656,898,276,260,8,8,0,0.1776061776061776,0.30734966592427615,2.0,76,1.4473684210526316,
8,32410567,direct,4,8,1554,708,359,1195,645,557,8,8,0,0.4555984555984556,0.5397489539748954,4.0,76,1.6842105263157894,
8,32410567,direct,8,8,1554,717,315,1239,695,601,8,8,0,0.4613899613899614,0.5609362389023406,8.0,76,2.526315789473684,
8,32410567,mixed,1,8,1554,0,916,638,0,0,8,8,0,0.0,0.0,1.0,76,1.0,
8,32410567,mixed,2,8,1554,807,609,945,484,307,8,8,0,0.5193050193050193,0.5121693121693122,2.0,76,1.0,
8,32410567,mixed,4,8,1554,1162,361,1193,889,555,8,8,0,0.7477477477477478,0.7451802179379715,4.0,76,1.263157894736842,
8,32410567,mixed,8,8,1554,1337,195,1359,1172,721,8,8,0,0.8603603603603603,0.8623988226637234,8.0,76,1.368421052631579,
14,45321067,direct,1,14,17220,0,11584,5636,0,0,52,14,0,0.0,0.0,1.0,602,1.0,1.0
14,45321067,direct,2,14,17220,3131,8516,8704,3104,3068,52,14,0,0.18182346109175376,0.35661764705882354,2.0,602,1.255813953488372,1.367816091954023
14,45321067,direct,4,14,17220,8220,4798,12422,7184,6786,52,14,0,0.47735191637630664,0.5783287715343745,4.0,602,1.3554817275747508,1.5402298850574712
14,45321067,direct,8,14,17220,8447,4031,13189,8015,7553,52,14,0,0.490534262485482,0.6077033891879596,8.0,602,1.6478405315614617,2.1149425287356323
14,45321067,mixed,1,14,17220,0,11584,5636,0,0,52,14,0,0.0,0.0,1.0,602,1.0,1.0
14,45321067,mixed,2,14,17220,8755,7756,9464,4768,3828,52,14,0,0.5084204413472706,0.503803888419273,2.0,602,1.0066445182724253,1.0574712643678161
14,45321067,mixed,4,14,17220,12959,4524,12696,9527,7060,52,14,0,0.752555168408827,0.7503938248267171,4.0,602,1.043189368770764,1.0845481049562682
14,45321067,mixed,8,14,17220,15070,2481,14739,12888,9103,52,14,0,0.8751451800232288,0.8744148178302463,8.0,602,1.1029900332225913,1.2873563218390804
20,56432107,direct,1,20,77644,0,54356,23288,0,0,292,20,0,0.0,0.0,1.0,1940,1.0,1.0
20,56432107,direct,2,20,77644,14207,40782,36862,13624,13574,292,20,0,0.18297614754520633,0.3695947045738159,2.0,1940,1.1422680412371133,1.367816091954023
20,56432107,direct,4,20,77644,37205,23607,54037,31644,30749,292,20,0,0.4791741795888929,0.5855987564076466,4.0,1940,1.1876288659793814,1.5402298850574712
20,56432107,direct,8,20,77644,39049,18425,59219,37087,35931,292,20,0,0.5029236000206069,0.6262685962275621,8.0,1940,1.2824742268041238,2.1149425287356323
20,56432107,mixed,1,20,77644,0,54356,23288,0,0,292,20,0,0.0,0.0,1.0,1940,1.0,1.0
20,56432107,mixed,2,20,77644,39032,36912,40732,20431,17444,292,20,0,0.5027046520014424,0.5015957969164293,2.0,1940,1.0092783505154639,1.0919540229885059
20,56432107,mixed,4,20,77644,58451,21764,55880,41990,32592,292,20,0,0.7528076863634022,0.7514316392269148,4.0,1940,1.0597938144329897,1.1954022988505748
20,56432107,mixed,8,20,77644,68144,11751,65893,57786,42605,292,20,0,0.8776466951728401,0.8769672044071449,8.0,1940,1.1587628865979382,1.6091954022988506
28,76543210,direct,1,28,255388,0,182222,73166,0,0,3836,28,0,0.0,0.0,1.0,3736,1.0,1.0
28,76543210,direct,2,28,255388,48622,133656,121732,48622,48566,3836,28,0,0.1903848262251946,0.39941839450596395,2.0,3736,1.0267665952890792,1.367816091954023
28,76543210,direct,4,28,255388,124002,76962,178426,107026,105260,3836,28,0,0.485543565085282,0.5998341048950265,4.0,3736,1.031049250535332,1.5402298850574712
28,76543210,direct,8,28,255388,131254,61218,194170,123388,121004,3836,28,0,0.5139395742947985,0.6354637688623371,8.0,3736,1.0599571734475375,2.1149425287356323
28,76543210,mixed,1,28,255388,0,182222,73166,0,0,3836,28,0,0.0,0.0,1.0,3736,1.0,1.0
28,76543210,mixed,2,28,255388,127853,124897,130491,65265,57325,3836,28,0,0.5006225821103576,0.5001494355932593,2.0,3736,1.0385438972162742,1.069767441860465
28,76543210,mixed,4,28,255388,191690,73689,181699,136353,108533,3836,28,0,0.7505834260027879,0.7504334090996648,4.0,3736,1.0717344753747324,1.1724137931034482
28,76543210,mixed,8,28,255388,223693,40082,215306,188615,142140,3836,28,0,0.8758947170579667,0.8760322517718967,8.0,3736,1.0985010706638116,1.2873563218390804
